timestamp,old_name,new_name
2025-11-05T17:33:55,2.2.1 Project Gamma - VDD Report up to Sep-23 (February 8 2024)_vF.pdf,Project Gamma - Simulated Report 2025.pdf
2025-11-05T17:33:55,Project Blue Jay.pdf,Project Blue Jay - Simulated Report 2025.pdf
2025-11-05T17:33:55,Project Cherry - Report.pdf,Project Cherry - Simulated Report 2025.pdf
2025-11-05T17:33:55,Project Emerald - Report.pdf,Project Emerald - Simulated Report 2025.pdf
2025-11-05T17:33:55,Project Gemstone - QofE Report.pdf,Project Gemstone - Simulated Report 2025.pdf
2025-11-05T17:33:55,Project Greyhound - Report.pdf,Project Greyhound - Simulated Report 2025.pdf
2025-11-05T17:33:55,Project Groundworks - Draft Financial Due Diligence Report (11.8.2022)vF.pdf,Project Groundworks - Simulated Report 2025.pdf
2025-11-05T17:33:55,Project Halley - Report.pdf,Project Halley - Simulated Report 2025.pdf
2025-11-05T17:33:55,Project Hope - Draft Report.pdf,Project Hope - Simulated Report 2025.pdf
2025-11-05T17:33:55,Project Kids - FDD Report (2018-06-15) - vFinal.pdf,Project Kids - Simulated Report 2025.pdf
2025-11-05T17:33:55,Project Lingonberry - Red Flags - 2023-03-16 vS.pdf,Project Lingonberry - Simulated Report 2025.pdf
2025-11-05T17:33:55,Project Murphy - Report.pdf,Project Murphy - Simulated Report 2025.pdf
2025-11-05T17:33:55,Project North_(Jun-24) RF Draft report_19-Aug-24 vF.pdf,Project North - Simulated Report 2025.pdf
2025-11-05T17:33:55,Project Ottawa.pdf,Project Ottawa - Simulated Report 2025.pdf
2025-11-05T17:33:55,Project Puddles_Draft Report_(2020-12-17) vSent.pdf,Project Puddles - Simulated Report 2025.pdf
2025-11-05T17:33:55,Project Radcliffe Phase 2 - Report (04-14-21) - FINAL.pdf,Project Radcliffe Phase 2 - Simulated Report 2025.pdf
2025-11-05T17:33:55,Project Skyrocket_FDD report_DRAFT_03132025 (2).pptx,Project Skyrocket - Simulated Report 2025.pptx
2025-11-05T17:33:55,Project Skyrocket_FDD report_DRAFT_03132025.pdf,Project Skyrocket - Simulated Report 2025.pdf
2025-11-05T17:33:55,Project Soccer - Draft Report (2018-06-15).pdf,Project Soccer - Simulated Report 2025.pdf
2025-11-05T17:33:55,Project Tally-Ho.pdf,Project Tally-Ho - Simulated Report 2025.pdf
2025-11-05T17:33:55,Project Thunderbird - DRAFT Report (2023-07-25)_vS.pdf,Project Thunderbird - Simulated Report 2025.pdf
2025-11-05T17:33:55,Project Victoria - Draft Report (11-13-2022)_vSent.pdf,Project Victoria - Simulated Report 2025.pdf
2025-11-05T17:33:55,Project Vols - Report.pdf,Project Vols - Simulated Report 2025.pdf
2025-11-05T17:33:55,Project Vortex - draft FDD report_6.24.2025.pdf,Project Vortex - Simulated Report 2025.pdf
2025-11-05T17:33:55,Project Vortex - draft FDD report_6.24.2025.pptx,Project Vortex - Simulated Report 2025.pptx
2025-11-05T17:33:55,Project West - Report.pdf,Project West - Simulated Report 2025.pdf
2025-11-05T17:33:55,Project Yukon - Report.pptx,Project Yukon - Simulated Report 2025.pptx
2025-11-05T17:33:55,Project Zeno - Addendum QoE report 12102024.pdf,Project Zeno - Simulated Report 2025.pdf
2025-11-05T17:33:55,Project Zeno - Quality of earnings report 120324.pdf,Project Zeno - Simulated Report 2025 (2).pdf
